"id","hr_job_id:id","priority","amount","approval_rule_id:id"
"approval_chain_02","muti_hrms_data.1135",2,0,"approval_rule_v6_cash_branch__petty cash fund replenishment_revolving fund"
"approval_chain_04","muti_hrms_data.1135",2,0,"approval_rule_v6_cash_branch__revolving fund replenishment_bu main"
"approval_chain_05","muti_hrms_data.11033",3,0,"approval_rule_v6_cash_branch__revolving fund replenishment_bu main"
"approval_chain_06","muti_hrms_data.6208",4,0,"approval_rule_v6_cash_branch__revolving fund replenishment_bu main"
"approval_chain_08","muti_hrms_data.1135",2,0,"approval_rule_v6_others_branch__accountable forms_bu main"
"approval_chain_10","muti_hrms_data.1135",2,0,"approval_rule_v6_others_branch__borrowing of equipment_bu main"
"approval_chain_11","hr_job_area manager",3,0,"approval_rule_v6_others_branch__borrowing of equipment_bu main"
"approval_chain_13","muti_hrms_data.1135",2,0,"approval_rule_v6_others_branch__repairs (capex)_revolving fund"
"approval_chain_14","hr_job_area manager",3,0,"approval_rule_v6_others_branch__repairs (capex)_revolving fund"
"approval_chain_15","muti_hrms_data.1136",4,0,"approval_rule_v6_others_branch__repairs (capex)_revolving fund"
"approval_chain_17","muti_hrms_data.1135",2,0,"approval_rule_v6_others_branch__repairs & maintenance_revolving fund"
"approval_chain_18","muti_hrms_data.1136",4,5000,"approval_rule_v6_others_branch__repairs & maintenance_revolving fund"
"approval_chain_19","hr_job_area manager",3,2000,"approval_rule_v6_others_branch__repairs & maintenance_revolving fund"
"approval_chain_21","muti_hrms_data.1135",2,0,"approval_rule_v6_others_branch__trade inventory_bu main"
"approval_chain_24","muti_hrms_data.1135",2,0,"approval_rule_v6_payment_branch__marketing expenses_revolving fund"
"approval_chain_25","hr_job_area manager",3,2000,"approval_rule_v6_payment_branch__marketing expenses_revolving fund"
"approval_chain_26","muti_hrms_data.1136",4,5000,"approval_rule_v6_payment_branch__marketing expenses_revolving fund"
"approval_chain_28","muti_hrms_data.1135",2,0,"approval_rule_v6_payment_branch__penalty fees to goverment agencies_revolving fund"
"approval_chain_29","hr_job_area manager",3,0,"approval_rule_v6_payment_branch__penalty fees to goverment agencies_revolving fund"
"approval_chain_30","muti_hrms_data.1136",4,0,"approval_rule_v6_payment_branch__penalty fees to goverment agencies_revolving fund"
"approval_chain_32","muti_hrms_data.1135",2,0,"approval_rule_v6_payment_branch__retainer's fee_revolving fund"
"approval_chain_34","muti_hrms_data.1135",2,0,"approval_rule_v6_payment_branch__special fund for unit registration_bu main"
"approval_chain_35","muti_hrms_data.11033",3,0,"approval_rule_v6_payment_branch__special fund for unit registration_bu main"
"approval_chain_36","muti_hrms_data.6208",4,0,"approval_rule_v6_payment_branch__special fund for unit registration_bu main"
"approval_chain_38","muti_hrms_data.1135",2,0,"approval_rule_v6_payment_branch__unit registration_revolving fund"
"approval_chain_40","muti_hrms_data.1135",2,0,"approval_rule_v6_payment_branch__utility bills/rentals_revolving fund"
"approval_chain_42","muti_hrms_data.1135",2,0,"approval_rule_v6_purchase_branch__purchase (not capex)_revolving fund"
"approval_chain_43","hr_job_area manager",3,0,"approval_rule_v6_purchase_branch__purchase (not capex)_revolving fund"
"approval_chain_44","muti_hrms_data.1136",4,0,"approval_rule_v6_purchase_branch__purchase (not capex)_revolving fund"
"approval_chain_46","muti_hrms_data.1135",2,0,"approval_rule_v6_purchase_branch__purchases (capex)_bu main"
"approval_chain_47","hr_job_area manager",3,0,"approval_rule_v6_purchase_branch__purchases (capex)_bu main"
"approval_chain_48","muti_hrms_data.1136",4,0,"approval_rule_v6_purchase_branch__purchases (capex)_bu main"
"approval_chain_49","muti_hrms_data.1043",5,0,"approval_rule_v6_purchase_branch__purchases (capex)_bu main"
"approval_chain_51","muti_hrms_data.1135",2,0,"approval_rule_v6_purchase_branch__purchases(capex it equipment)_bu main"
"approval_chain_52","hr_job_area manager",3,0,"approval_rule_v6_purchase_branch__purchases(capex it equipment)_bu main"
"approval_chain_53","muti_hrms_data.6222",5,0,"approval_rule_v6_purchase_branch__purchases(capex it equipment)_bu main"
"approval_chain_55","hr_job_immediate superior",2,0,"approval_rule_v6_cash_head office__advances for operations_bu main"
"approval_chain_56","muti_hrms_data.11033",3,0,"approval_rule_v6_cash_head office__advances for operations_bu main"
"approval_chain_57","muti_hrms_data.6208",4,5000,"approval_rule_v6_cash_head office__advances for operations_bu main"
"approval_chain_58","muti_hrms_data.1136",5,10000,"approval_rule_v6_cash_head office__advances for operations_bu main"
"approval_chain_60","muti_hrms_data.11033",2,0,"approval_rule_v6_cash_head office__iou's_bu main"
"approval_chain_61","muti_hrms_data.6268",3,0,"approval_rule_v6_cash_head office__iou's_bu main"
"approval_chain_62","muti_hrms_data.6208",4,0,"approval_rule_v6_cash_head office__iou's_bu main"
"approval_chain_64","hr_job_immediate superior",2,0,"approval_rule_v6_cash_head office__marketing expenses_bu main"
"approval_chain_65","muti_hrms_data.11033",3,0,"approval_rule_v6_cash_head office__marketing expenses_bu main"
"approval_chain_66","muti_hrms_data.6208",4,0,"approval_rule_v6_cash_head office__marketing expenses_bu main"
"approval_chain_67","muti_hrms_data.1136",5,0,"approval_rule_v6_cash_head office__marketing expenses_bu main"
"approval_chain_69","hr_job_immediate superior",2,0,"approval_rule_v6_cash_head office__travel expenses (thru check)_bu main"
"approval_chain_70","muti_hrms_data.11033",3,0,"approval_rule_v6_cash_head office__travel expenses (thru check)_bu main"
"approval_chain_71","muti_hrms_data.6208",4,0,"approval_rule_v6_cash_head office__travel expenses (thru check)_bu main"
"approval_chain_72","muti_hrms_data.1136",5,0,"approval_rule_v6_cash_head office__travel expenses (thru check)_bu main"
"approval_chain_74","hr_job_immediate superior",2,0,"approval_rule_v6_others_head office__repairs (capex)_bu main"
"approval_chain_75","muti_hrms_data.11033",3,0,"approval_rule_v6_others_head office__repairs (capex)_bu main"
"approval_chain_76","muti_hrms_data.6208",4,0,"approval_rule_v6_others_head office__repairs (capex)_bu main"
"approval_chain_77","muti_hrms_data.1136",5,0,"approval_rule_v6_others_head office__repairs (capex)_bu main"
"approval_chain_78","muti_hrms_data.1043",6,0,"approval_rule_v6_others_head office__repairs (capex)_bu main"
"approval_chain_80","hr_job_immediate superior",2,0,"approval_rule_v6_others_head office__repairs & maintenance_bu main"
"approval_chain_81","muti_hrms_data.6208",3,0,"approval_rule_v6_others_head office__repairs & maintenance_bu main"
"approval_chain_82","muti_hrms_data.1136",4,5000,"approval_rule_v6_others_head office__repairs & maintenance_bu main"
"approval_chain_83","muti_hrms_data.1043",5,10000,"approval_rule_v6_others_head office__repairs & maintenance_bu main"
"approval_chain_85","muti_hrms_data.6208",2,0,"approval_rule_v6_payment_head office__fund transfer_bu main"
"approval_chain_86","muti_hrms_data.1136",3,0,"approval_rule_v6_payment_head office__fund transfer_bu main"
"approval_chain_88","muti_hrms_data.6208",2,0,"approval_rule_v6_payment_head office__managerial fee_bu main"
"approval_chain_89","muti_hrms_data.1136",3,0,"approval_rule_v6_payment_head office__managerial fee_bu main"
"approval_chain_90","muti_hrms_data.1043",4,0,"approval_rule_v6_payment_head office__managerial fee_bu main"
"approval_chain_92","muti_hrms_data.11033",2,0,"approval_rule_v6_payment_head office__payables_bu main"
"approval_chain_93","muti_hrms_data.6208",3,0,"approval_rule_v6_payment_head office__payables_bu main"
"approval_chain_94","muti_hrms_data.1136",4,0,"approval_rule_v6_payment_head office__payables_bu main"
"approval_chain_96","muti_hrms_data.6208",2,0,"approval_rule_v6_payment_head office__rentals_bu main"
"approval_chain_98","muti_hrms_data.6208",2,0,"approval_rule_v6_payment_head office__retainer's fee_bu main"
"approval_chain_102","hr_job_area manager",3,0,"approval_rule_v6_payment_branch__agent's commissions_revolving fund"
"approval_chain_103","muti_hrms_data.1043",7,0,"approval_rule_v6_purchase_branch__purchases(capex it equipment)_bu main"
"approval_chain_104","hr_job_comptroller",4,0,"approval_rule_v6_payment_head office__salaries and wages_bu main"
"approval_chain_105","muti_hrms_data.6208",2,0,"approval_rule_v6_payment_head office__salaries and wages_bu main"
"approval_chain_106","muti_hrms_data.1136",3,0,"approval_rule_v6_payment_head office__salaries and wages_bu main"
"approval_chain_107","hr_job_comptroller",4,0,"approval_rule_v6_payment_head office__separation pay_bu main"
"approval_chain_108","muti_hrms_data.1136",3,0,"approval_rule_v6_payment_head office__separation pay_bu main"
"approval_chain_110","muti_hrms_data.6208",2,0,"approval_rule_v6_payment_head office__utility bills_bu main"
"approval_chain_111","muti_hrms_data.6222",5,0,"approval_rule_v6_purchase_head office__purchases(capex it equipment)_bu main"
"approval_chain_112","muti_hrms_data.1136",6,0,"approval_rule_v6_purchase_head office__purchases(capex it equipment)_bu main"
"approval_chain_113","muti_hrms_data.1043",7,0,"approval_rule_v6_purchase_head office__purchases(capex it equipment)_bu main"
"approval_chain_115","hr_job_immediate superior",2,0,"approval_rule_v6_cash_tig__advances for operations_tig"
"approval_chain_116","hr_job_group manager",3,0,"approval_rule_v6_cash_tig__advances for operations_tig"
"approval_chain_117","hr_job_immediate superior",2,0,"approval_rule_v6_cash_tig__marketing expenses_tig"
"approval_chain_118","hr_job_group manager",3,0,"approval_rule_v6_cash_tig__marketing expenses_tig"
"approval_chain_120","hr_job_immediate superior",2,0,"approval_rule_v6_cash_tig__petty cash fund replenishment_tig"
"approval_chain_122","hr_job_immediate superior",2,0,"approval_rule_v6_cash_tig__travel expenses (thru check)_tig"
"approval_chain_123","hr_job_group manager",3,0,"approval_rule_v6_cash_tig__travel expenses (thru check)_tig"
"approval_chain_125","hr_job_immediate superior",2,0,"approval_rule_v6_purchase_head office__purchase (not capex)_bu main"
"approval_chain_126","muti_hrms_data.11033",3,0,"approval_rule_v6_purchase_head office__purchase (not capex)_bu main"
"approval_chain_127","muti_hrms_data.6208",4,0,"approval_rule_v6_purchase_head office__purchase (not capex)_bu main"
"approval_chain_128","muti_hrms_data.1136",5,0,"approval_rule_v6_purchase_head office__purchase (not capex)_bu main"
"approval_chain_130","hr_job_immediate superior",2,0,"approval_rule_v6_purchase_head office__purchases (capex)_bu main"
"approval_chain_131","muti_hrms_data.11033",3,0,"approval_rule_v6_purchase_head office__purchases (capex)_bu main"
"approval_chain_132","muti_hrms_data.6208",4,0,"approval_rule_v6_purchase_head office__purchases (capex)_bu main"
"approval_chain_133","muti_hrms_data.1136",5,0,"approval_rule_v6_purchase_head office__purchases (capex)_bu main"
"approval_chain_134","muti_hrms_data.1043",6,0,"approval_rule_v6_purchase_head office__purchases (capex)_bu main"
"approval_chain_136","hr_job_immediate superior",2,0,"approval_rule_v6_purchase_head office__purchases(capex it equipment)_bu main"
"approval_chain_137","muti_hrms_data.11033",3,0,"approval_rule_v6_purchase_head office__purchases(capex it equipment)_bu main"
"approval_chain_138","muti_hrms_data.6208",4,0,"approval_rule_v6_purchase_head office__purchases(capex it equipment)_bu main"
"approval_chain_140","muti_hrms_data.11033",4,0,"approval_rule_v6_cash_tig__advances for operations_tig"
"approval_chain_142","muti_hrms_data.11033",4,0,"approval_rule_v6_cash_tig__marketing expenses_tig"
"approval_chain_143","muti_hrms_data.11033",4,0,"approval_rule_v6_cash_tig__travel expenses (thru check)_tig"
"approval_chain_146","hr_job_immediate superior",2,0,"approval_rule_v6_others_tig__travel and transportation_tig"
"approval_chain_147","hr_job_immediate superior",3,0,"approval_rule_v6_others_tig__travel and transportation_tig"
"approval_chain_149","hr_job_immediate superior",2,0,"approval_rule_v6_payment_tig__payables_tig"
"approval_chain_150","muti_hrms_data.11033",3,0,"approval_rule_v6_payment_tig__payables_tig"
"approval_chain_152","muti_hrms_data.11033",2,0,"approval_rule_v6_purchase_tig__purchases(capex)_bu main"
"approval_chain_153","muti_hrms_data.6208",3,0,"approval_rule_v6_purchase_tig__purchases(capex)_bu main"
"approval_chain_154","muti_hrms_data.1136",4,0,"approval_rule_v6_purchase_tig__purchases(capex)_bu main"
"approval_chain_155","muti_hrms_data.1043",5,0,"approval_rule_v6_purchase_tig__purchases(capex)_bu main"
"approval_chain_157","muti_hrms_data.6208",4,0,"approval_rule_v6_purchase_tig__purchases(capex it equipment)_bu main"
"approval_chain_158","muti_hrms_data.1136",5,0,"approval_rule_v6_purchase_tig__purchases(capex it equipment)_bu main"
"approval_chain_159","muti_hrms_data.1043",6,0,"approval_rule_v6_purchase_tig__purchases(capex it equipment)_bu main"
"approval_chain_162","hr_job_immediate superior",2,0,"approval_rule_v6_repairs_tig__repairs (capex)_tig"
"approval_chain_163","hr_job_group manager",3,0,"approval_rule_v6_repairs_tig__repairs (capex)_tig"
"approval_chain_164","muti_hrms_data.6258",4,0,"approval_rule_v6_repairs_tig__repairs (capex)_tig"
"approval_chain_165","muti_hrms_data.1043",5,0,"approval_rule_v6_repairs_tig__repairs (capex)_tig"
"approval_chain_167","hr_job_immediate superior",2,0,"approval_rule_v6_repairs_tig__repairs & maintenance_tig"
"approval_chain_168","hr_job_group manager",3,0,"approval_rule_v6_repairs_tig__repairs & maintenance_tig"
"approval_chain_169","muti_hrms_data.1136",3,0,"approval_rule_v6_others_branch__trade inventory_bu main"
"approval_chain_172","muti_hrms_data.11033",2,0,"approval_rule_v6_payment_tig__rentals_tig"
"approval_chain_174","muti_hrms_data.11033",2,0,"approval_rule_v6_payment_tig__dividend_tig"
"approval_chain_176","muti_hrms_data.11033",2,0,"approval_rule_v6_cash_head office__petty cash fund replenishment_bu main"
"approval_chain_177","muti_hrms_data.6208",3,0,"approval_rule_v6_cash_head office__petty cash fund replenishment_bu main"
"approval_chain_179","muti_hrms_data.11033",2,0,"approval_rule_v6_cash_tig__management meals_tig"
"approval_chain_181","muti_hrms_data.1135",2,0,"approval_rule_v6_payment_branch__travel expenses_revolving fund"
"approval_chain_183","muti_hrms_data.1135",2,0,"approval_rule_v6_payment_branch__payables_revolving fund"
"approval_chain_185","muti_hrms_data.1135",2,0,"approval_rule_v6_payment_branch__payables_bu main"
"approval_chain_186","muti_hrms_data.6208",3,0,"approval_rule_v6_payment_branch__payables_bu main"
"approval_chain_187","muti_hrms_data.1136",4,0,"approval_rule_v6_payment_branch__payables_bu main"
"approval_chain_188","muti_hrms_data.11033",3,0,"approval_rule_v6_cash_tig__petty cash fund replenishment_tig"
"approval_chain_190","muti_hrms_data.1135",2,0,"approval_rule_v6_others_branch__item  request_branch"
"approval_chain_192","hr_job_immediate superior",2,0,"approval_rule_v6_cash_tig__travel expenses_bu main"
"approval_chain_193","muti_hrms_data.11033",3,0,"approval_rule_v6_cash_tig__travel expenses_bu main"
"approval_chain_194","muti_hrms_data.6208",4,0,"approval_rule_v6_cash_tig__travel expenses_bu main"
"approval_chain_196","hr_job_immediate superior",2,0,"approval_rule_v6_cash_tig__supplies_petty cash fund"
"approval_chain_197","muti_hrms_data.11033",3,0,"approval_rule_v6_cash_tig__supplies_petty cash fund"
"approval_chain_199","hr_job_immediate superior",2,0,"approval_rule_v6_purchase_tig__trade inventory (mc)_bu main"
"approval_chain_200","muti_hrms_data.11033",3,0,"approval_rule_v6_purchase_tig__trade inventory (mc)_bu main"
"approval_chain_201","muti_hrms_data.6208",4,0,"approval_rule_v6_purchase_tig__trade inventory (mc)_bu main"
"approval_chain_202","muti_hrms_data.1136",5,0,"approval_rule_v6_purchase_tig__trade inventory (mc)_bu main"
"approval_chain_203","muti_hrms_data.1043",6,0,"approval_rule_v6_purchase_tig__trade inventory (mc)_bu main"
"approval_chain_205","hr_job_immediate superior",2,0,"approval_rule_v6_cash_tig__freight and handling_bu main"
"approval_chain_206","muti_hrms_data.6208",3,0,"approval_rule_v6_cash_tig__freight and handling_bu main"
"approval_chain_207","muti_hrms_data.1136",4,0,"approval_rule_v6_cash_tig__freight and handling_bu main"
"approval_chain_209","hr_job_immediate superior",2,0,"approval_rule_v6_cash_tig__freight and handling_petty cash fund"
"approval_chain_210","muti_hrms_data.11033",3,0,"approval_rule_v6_cash_tig__freight and handling_petty cash fund"
"approval_chain_211","muti_hrms_data.1136",3,0,"approval_rule_v6_payment_tig__salaries and wages_bu main"
"approval_chain_212","muti_hrms_data.6208",4,0,"approval_rule_v6_purchase_tig__purchases(office supplies)_bu main"
"approval_chain_213","muti_hrms_data.11033",3,0,"approval_rule_v6_purchase_tig__purchases(office supplies)_bu main"
"approval_chain_214","hr_job_comptroller",4,0,"approval_rule_v6_payment_head office__statutory expenses_bu main"
"approval_chain_215","muti_hrms_data.6208",2,0,"approval_rule_v6_payment_head office__statutory expenses_bu main"
"approval_chain_216","muti_hrms_data.1136",3,0,"approval_rule_v6_payment_head office__statutory expenses_bu main"
"approval_chain_218","muti_hrms_data.11033",3,0,"approval_rule_v6_payment_tig__salaries and wages_tig"
"approval_chain_219","muti_hrms_data.6208",2,0,"approval_rule_v6_payment_tig__salaries and wages_bu main"
"approval_chain_220","hr_job_comptroller",4,0,"approval_rule_v6_payment_tig__salaries and wages_bu main"
"approval_chain_221","hr_job_immediate superior",2,0,"approval_rule_v6_payment_tig__salaries and wages_tig"
"approval_chain_222","muti_hrms_data.6222",3,0,"approval_rule_v6_purchase_tig__purchases(capex it equipment)_bu main"
"approval_chain_224","muti_hrms_data.6208",2,0,"approval_rule_v6_cash_brdc head office __petty cash fund replenishment_revolving fund"
"approval_chain_225","muti_hrms_data.1136",3,0,"approval_rule_v6_cash_brdc head office __petty cash fund replenishment_revolving fund"
"approval_chain_227","muti_hrms_data.6208",2,0,"approval_rule_v6_cash_brdc head office __travel expenses_revolving fund"
"approval_chain_228","muti_hrms_data.1136",3,0,"approval_rule_v6_cash_brdc head office __travel expenses_revolving fund"
"approval_chain_230","muti_hrms_data.6208",2,0,"approval_rule_v6_cash_brdc head office __marketing expenses_revolving fund"
"approval_chain_231","muti_hrms_data.1136",3,0,"approval_rule_v6_cash_brdc head office __marketing expenses_revolving fund"
"approval_chain_233","muti_hrms_data.6208",2,0,"approval_rule_v6_others_brdc head office __repairs & maintenance_revolving fund"
"approval_chain_234","muti_hrms_data.1136",3,5000,"approval_rule_v6_others_brdc head office __repairs & maintenance_revolving fund"
"approval_chain_235","muti_hrms_data.1043",4,10000,"approval_rule_v6_others_brdc head office __repairs & maintenance_revolving fund"
"approval_chain_237","muti_hrms_data.6208",2,0,"approval_rule_v6_others_brdc head office __repairs (capex)_revolving fund"
"approval_chain_238","muti_hrms_data.1136",3,0,"approval_rule_v6_others_brdc head office __repairs (capex)_revolving fund"
"approval_chain_239","muti_hrms_data.1043",4,0,"approval_rule_v6_others_brdc head office __repairs (capex)_revolving fund"
"approval_chain_241","muti_hrms_data.1136",2,0,"approval_rule_v6_others_brdc head office __borrowing of equipment_bu main"
"approval_chain_243","muti_hrms_data.6208",2,0,"approval_rule_v6_payment_brdc head office __utility bills_mother account"
"approval_chain_245","muti_hrms_data.6208",2,0,"approval_rule_v6_payment_brdc head office __retainer's fee_mother account"
"approval_chain_247","muti_hrms_data.6208",2,0,"approval_rule_v6_payment_brdc head office __managerial fee_mother account"
"approval_chain_248","muti_hrms_data.1136",3,0,"approval_rule_v6_payment_brdc head office __managerial fee_mother account"
"approval_chain_249","muti_hrms_data.1043",4,0,"approval_rule_v6_payment_brdc head office __managerial fee_mother account"
"approval_chain_251","muti_hrms_data.6208",2,0,"approval_rule_v6_payment_brdc head office __rentals_mother account"
"approval_chain_253","muti_hrms_data.6208",2,0,"approval_rule_v6_payment_brdc head office __fund transfer_mother account"
"approval_chain_254","muti_hrms_data.1136",3,0,"approval_rule_v6_payment_brdc head office __fund transfer_mother account"
"approval_chain_255","muti_hrms_data.1043",4,0,"approval_rule_v6_payment_brdc head office __fund transfer_mother account"
"approval_chain_257","muti_hrms_data.6208",2,0,"approval_rule_v6_payment_brdc head office __perpetual care fund_mother account"
"approval_chain_258","muti_hrms_data.1136",3,0,"approval_rule_v6_payment_brdc head office __perpetual care fund_mother account"
"approval_chain_259","muti_hrms_data.1043",4,0,"approval_rule_v6_payment_brdc head office __perpetual care fund_mother account"
"approval_chain_261","muti_hrms_data.6208",2,0,"approval_rule_v6_payment_brdc head office __salaries and wages_mother account"
"approval_chain_262","muti_hrms_data.1136",3,0,"approval_rule_v6_payment_brdc head office __salaries and wages_mother account"
"approval_chain_264","muti_hrms_data.6208",2,0,"approval_rule_v6_payment_brdc head office __separation pay_mother account"
"approval_chain_265","muti_hrms_data.1136",3,0,"approval_rule_v6_payment_brdc head office __separation pay_mother account"
"approval_chain_267","muti_hrms_data.6208",2,0,"approval_rule_v6_payment_brdc head office __statutory expenses_mother account"
"approval_chain_268","muti_hrms_data.1136",3,0,"approval_rule_v6_payment_brdc head office __statutory expenses_mother account"
"approval_chain_270","muti_hrms_data.6208",2,0,"approval_rule_v6_payment_brdc head office __payables_mother account"
"approval_chain_271","muti_hrms_data.1136",3,0,"approval_rule_v6_payment_brdc head office __payables_mother account"
"approval_chain_273","muti_hrms_data.6208",2,0,"approval_rule_v6_payment_brdc head office __revolving fund replenishment_mother account"
"approval_chain_274","muti_hrms_data.1136",3,0,"approval_rule_v6_payment_brdc head office __revolving fund replenishment_mother account"
"approval_chain_276","hr_job_immediate superior",2,0,"approval_rule_v6_others_brdc head office __business travel authority (bta)_revolving fund"
"approval_chain_278","muti_hrms_data.6208",2,0,"approval_rule_v6_purchase_brdc head office __purchases (capex)_mother account"
"approval_chain_279","muti_hrms_data.1136",3,0,"approval_rule_v6_purchase_brdc head office __purchases (capex)_mother account"
"approval_chain_280","muti_hrms_data.1043",4,0,"approval_rule_v6_purchase_brdc head office __purchases (capex)_mother account"
"approval_chain_282","muti_hrms_data.6208",2,0,"approval_rule_v6_purchase_brdc head office __purchases(capex it equipment)_mother account"
"approval_chain_283","muti_hrms_data.1136",3,0,"approval_rule_v6_purchase_brdc head office __purchases(capex it equipment)_mother account"
"approval_chain_284","muti_hrms_data.6222",4,0,"approval_rule_v6_purchase_brdc head office __purchases(capex it equipment)_mother account"
"approval_chain_285","muti_hrms_data.1043",5,0,"approval_rule_v6_purchase_brdc head office __purchases(capex it equipment)_mother account"
"approval_chain_287","muti_hrms_data.6208",2,0,"approval_rule_v6_purchase_brdc head office __purchases that are not capex_revolving fund"
"approval_chain_288","muti_hrms_data.1136",3,0,"approval_rule_v6_purchase_brdc head office __purchases that are not capex_revolving fund"
"approval_chain_290","muti_hrms_data.6208",2,0,"approval_rule_v6_cash_pumgas head office__petty cash fund replenishment_revolving fund"
"approval_chain_291","muti_hrms_data.1136",3,0,"approval_rule_v6_cash_pumgas head office__petty cash fund replenishment_revolving fund"
"approval_chain_293","muti_hrms_data.6208",2,0,"approval_rule_v6_cash_pumgas head office__travel expenses_revolving fund"
"approval_chain_294","muti_hrms_data.1136",3,0,"approval_rule_v6_cash_pumgas head office__travel expenses_revolving fund"
"approval_chain_296","muti_hrms_data.6208",2,0,"approval_rule_v6_cash_pumgas head office__marketing expenses_revolving fund"
"approval_chain_297","muti_hrms_data.1136",3,0,"approval_rule_v6_cash_pumgas head office__marketing expenses_revolving fund"
"approval_chain_299","muti_hrms_data.6208",2,0,"approval_rule_v6_cash_pumgas head office__advances for operation_revolving fund"
"approval_chain_300","muti_hrms_data.1136",3,0,"approval_rule_v6_cash_pumgas head office__advances for operation_revolving fund"
"approval_chain_302","hr_job_immediate superior",2,0,"approval_rule_v6_cash_tig__advances for operations_bu main"
"approval_chain_303","muti_hrms_data.11033",3,0,"approval_rule_v6_cash_tig__advances for operations_bu main"
"approval_chain_304","muti_hrms_data.6208",4,5000,"approval_rule_v6_cash_tig__advances for operations_bu main"
"approval_chain_305","muti_hrms_data.1136",5,10000,"approval_rule_v6_cash_tig__advances for operations_bu main"
"approval_chain_307","muti_hrms_data.1136",2,0,"approval_rule_v6_others_pumgas head office__borrowing of equipment_bu main"
"approval_chain_309","muti_hrms_data.1136",2,0,"approval_rule_v6_others_pumgas head office__inventory transfer_bu main"
"approval_chain_311","hr_job_immediate superior",2,0,"approval_rule_v6_others_pumgas head office__repairs & maintenance_bu main"
"approval_chain_312","muti_hrms_data.1136",3,5000,"approval_rule_v6_others_pumgas head office__repairs & maintenance_bu main"
"approval_chain_313","muti_hrms_data.1043",4,10000,"approval_rule_v6_others_pumgas head office__repairs & maintenance_bu main"
"approval_chain_315","hr_job_immediate superior",2,0,"approval_rule_v6_others_pumgas head office__business travel authority (bta)_bu main"
"approval_chain_317","muti_hrms_data.11033",2,0,"approval_rule_v6_payment_head office__employee's incentives_bu main"
"approval_chain_318","muti_hrms_data.6208",3,0,"approval_rule_v6_payment_head office__employee's incentives_bu main"
"approval_chain_319","muti_hrms_data.1136",4,0,"approval_rule_v6_payment_head office__employee's incentives_bu main"
"approval_chain_321","muti_hrms_data.6208",2,0,"approval_rule_v6_payment_brdc head office __agent's commissions_revolving fund"
"approval_chain_322","muti_hrms_data.1136",3,0,"approval_rule_v6_payment_brdc head office __agent's commissions_revolving fund"
"approval_chain_324","muti_hrms_data.6208",2,0,"approval_rule_v6_payment_pumgas head office__utility bills_revolving fund"
"approval_chain_325","muti_hrms_data.1136",3,0,"approval_rule_v6_payment_pumgas head office__utility bills_revolving fund"
"approval_chain_327","muti_hrms_data.6208",2,0,"approval_rule_v6_payment_pumgas head office__payables_mother account"
"approval_chain_328","muti_hrms_data.1136",3,0,"approval_rule_v6_payment_pumgas head office__payables_mother account"
"approval_chain_330","muti_hrms_data.6208",2,0,"approval_rule_v6_payment_pumgas head office__retainer's fee_revolving fund"
"approval_chain_331","muti_hrms_data.1136",3,0,"approval_rule_v6_payment_pumgas head office__retainer's fee_revolving fund"
"approval_chain_332","muti_hrms_data.6208",2,0,"approval_rule_v6_payment_pumgas head office__revolving fund replenishment_mother account"
"approval_chain_333","muti_hrms_data.1136",3,0,"approval_rule_v6_purchase_pumgas head office__purchases (capex)_mother account"
"approval_chain_334","muti_hrms_data.1043",4,0,"approval_rule_v6_purchase_pumgas head office__purchases (capex)_mother account"
"approval_chain_336","muti_hrms_data.6208",2,0,"approval_rule_v6_purchase_pumgas head office__purchases(capex it equipment)_mother account"
"approval_chain_337","muti_hrms_data.6208",2,0,"approval_rule_v6_purchase_brdc head office __trade inventory_mother account"
"approval_chain_338","muti_hrms_data.1136",3,0,"approval_rule_v6_purchase_brdc head office __trade inventory_mother account"
"approval_chain_340","muti_hrms_data.6208",2,0,"approval_rule_v6_purchase_pumgas head office__purchases (capex)_mother account"
"approval_chain_341","muti_hrms_data.6208",2,0,"approval_rule_v6_purchase_pumgas head office__purchases that are not capex_revolving fund"
"approval_chain_343","muti_hrms_data.1136",3,0,"approval_rule_v6_purchase_pumgas head office__purchases(capex it equipment)_mother account"
"approval_chain_344","muti_hrms_data.6222",4,0,"approval_rule_v6_purchase_pumgas head office__purchases(capex it equipment)_mother account"
"approval_chain_346","muti_hrms_data.1136",3,0,"approval_rule_v6_payment_pumgas head office__revolving fund replenishment_mother account"
"approval_chain_348","muti_hrms_data.1136",3,0,"approval_rule_v6_purchase_pumgas head office__purchases that are not capex_revolving fund"
"approval_chain_349","muti_hrms_data.1043",5,0,"approval_rule_v6_purchase_pumgas head office__purchases(capex it equipment)_mother account"
"approval_chain_351","hr_job_immediate superior",2,0,"approval_rule_v6_others_pumgas head office__item request_bu main"
"approval_chain_352","muti_hrms_data.6208",4,0,"approval_rule_v6_purchase_branch__purchases(capex it equipment)_bu main"
"approval_chain_354","muti_hrms_data.6208",2,0,"approval_rule_v6_cash_pumgas head office__advances for operation_mother account"
"approval_chain_355","muti_hrms_data.1136",3,0,"approval_rule_v6_cash_pumgas head office__advances for operation_mother account"
"approval_chain_356","muti_hrms_data.1135",2,0,"approval_rule_v6_payment_branch__agent's commissions_revolving fund"
"approval_chain_357","muti_hrms_data.1136",4,0,"approval_rule_v6_payment_branch__agent's commissions_revolving fund"
"approval_chain_359","muti_hrms_data.11033",2,0,"approval_rule_v6_payment_tig__payables_bu main"
"approval_chain_360","muti_hrms_data.6208",3,0,"approval_rule_v6_payment_tig__payables_bu main"
"approval_chain_361","hr_job_immediate superior",2,0,"approval_rule_v6_purchase_tig__purchases(office supplies)_bu main"
"approval_chain_363","muti_hrms_data.6208",2,0,"approval_rule_v6_cash_pumgas head office__investment fund_mother account"
"approval_chain_364","muti_hrms_data.1136",3,0,"approval_rule_v6_cash_pumgas head office__investment fund_mother account"
"approval_chain_366","muti_hrms_data.1135",2,0,"approval_rule_v6_payment_branch__marketing expenses_bu main"
"approval_chain_367","hr_job_area manager",3,0,"approval_rule_v6_payment_branch__marketing expenses_bu main"
"approval_chain_368","muti_hrms_data.11033",4,0,"approval_rule_v6_payment_branch__marketing expenses_bu main"
"approval_chain_369","muti_hrms_data.6208",5,0,"approval_rule_v6_payment_branch__marketing expenses_bu main"
"approval_chain_370","muti_hrms_data.1136",6,0,"approval_rule_v6_payment_branch__marketing expenses_bu main"
"approval_chain_371","hr_job_immediate superior",2,0,"approval_rule_v6_cash_tig__travel expenses (thru petty cash fund)_petty cash fund"
"approval_chain_372","muti_hrms_data.1136",6,0,"approval_rule_v6_purchase_branch__purchases(capex it equipment)_bu main"
"approval_chain_374","hr_job_immediate superior",2,0,"approval_rule_v6_cash_branch__petty cash fund replenishment_bu main"
"approval_chain_375","muti_hrms_data.11033",3,0,"approval_rule_v6_cash_branch__petty cash fund replenishment_bu main"
"approval_chain_376","muti_hrms_data.6208",4,0,"approval_rule_v6_cash_branch__petty cash fund replenishment_bu main"
"approval_chain_378","hr_job_immediate superior",2,0,"approval_rule_v6_payment_branch__utility bills/rentals_bu main"
"approval_chain_379","muti_hrms_data.11033",3,0,"approval_rule_v6_payment_branch__utility bills/rentals_bu main"
"approval_chain_380","muti_hrms_data.6208",4,0,"approval_rule_v6_payment_branch__utility bills/rentals_bu main"
"approval_chain_382","hr_job_immediate superior",2,0,"approval_rule_v6_cash_pumgas head office__advances to employee_mother account"
"approval_chain_383","muti_hrms_data.6208",3,0,"approval_rule_v6_cash_pumgas head office__advances to employee_mother account"
"approval_chain_384","muti_hrms_data.1136",4,0,"approval_rule_v6_cash_pumgas head office__advances to employee_mother account"
"approval_chain_386","hr_job_immediate superior",2,0,"approval_rule_v6_cash_tig__advances to sister company_tig"
"approval_chain_387","muti_hrms_data.11033",3,0,"approval_rule_v6_cash_tig__advances to sister company_tig"
"approval_chain_388","muti_hrms_data.11033",3,0,"approval_rule_v6_cash_tig__travel expenses (thru petty cash fund)_petty cash fund"
"approval_chain_390","hr_job_immediate superior",2,0,"approval_rule_v6_purchase_tig__purchases (non-capex it equipment)_bu main"
"approval_chain_391","muti_hrms_data.11033",3,0,"approval_rule_v6_purchase_tig__purchases (non-capex it equipment)_bu main"
"approval_chain_392","muti_hrms_data.6208",4,0,"approval_rule_v6_purchase_tig__purchases (non-capex it equipment)_bu main"
"approval_chain_393","muti_hrms_data.6222",5,0,"approval_rule_v6_purchase_tig__purchases (non-capex it equipment)_bu main"
"approval_chain_394","muti_hrms_data.1136",6,0,"approval_rule_v6_purchase_tig__purchases (non-capex it equipment)_bu main"
"approval_chain_396","hr_job_immediate superior",2,0,"approval_rule_v6_others_head office__accountable forms_bu main"
"approval_chain_397","muti_hrms_data.6208",2,0,"approval_rule_v6_payment_head office__separation pay_bu main"
"approval_chain_399","muti_hrms_data.11033",2,0,"approval_rule_v6_cash_branch__iou's_bu main"
"approval_chain_400","muti_hrms_data.6268",3,0,"approval_rule_v6_cash_branch__iou's_bu main"
"approval_chain_401","muti_hrms_data.6208",4,0,"approval_rule_v6_cash_branch__iou's_bu main"
"approval_chain_403","muti_hrms_data.6208",2,0,"approval_rule_v6_cash_hlrdc head office__petty cash fund replenishment_bu main"
"approval_chain_404","muti_hrms_data.1136",3,0,"approval_rule_v6_cash_hlrdc head office__petty cash fund replenishment_bu main"
"approval_chain_406","muti_hrms_data.6208",2,0,"approval_rule_v6_cash_hlrdc head office__marketing expenses_bu main"
"approval_chain_407","muti_hrms_data.1136",3,0,"approval_rule_v6_cash_hlrdc head office__marketing expenses_bu main"
"approval_chain_409","muti_hrms_data.6208",2,0,"approval_rule_v6_cash_hlrdc head office__advances for operations_bu main"
"approval_chain_410","muti_hrms_data.1136",3,0,"approval_rule_v6_cash_hlrdc head office__advances for operations_bu main"
"approval_chain_412","muti_hrms_data.11033",2,0,"approval_rule_v6_cash_hlrdc head office__iou's_bu main"
"approval_chain_413","muti_hrms_data.6268",3,0,"approval_rule_v6_cash_hlrdc head office__iou's_bu main"
"approval_chain_414","muti_hrms_data.6208",4,0,"approval_rule_v6_cash_hlrdc head office__iou's_bu main"
"approval_chain_416","muti_hrms_data.6208",2,0,"approval_rule_v6_payment_hlrdc head office__utility bills_bu main"
"approval_chain_418","muti_hrms_data.6208",2,0,"approval_rule_v6_payment_hlrdc head office__retainer's fee_bu main"
"approval_chain_420","muti_hrms_data.6208",2,0,"approval_rule_v6_payment_hlrdc head office__managerial fee_bu main"
"approval_chain_421","muti_hrms_data.1136",3,0,"approval_rule_v6_payment_hlrdc head office__managerial fee_bu main"
"approval_chain_422","muti_hrms_data.1043",4,0,"approval_rule_v6_payment_hlrdc head office__managerial fee_bu main"
"approval_chain_424","muti_hrms_data.6208",2,0,"approval_rule_v6_payment_hlrdc head office__rentals ( building )_bu main"
"approval_chain_426","muti_hrms_data.6208",2,0,"approval_rule_v6_payment_hlrdc head office__rentals ( equipment )_bu main"
"approval_chain_427","muti_hrms_data.1136",3,0,"approval_rule_v6_payment_hlrdc head office__rentals ( equipment )_bu main"
"approval_chain_429","muti_hrms_data.6208",2,0,"approval_rule_v6_payment_hlrdc head office__gratuity expenses_bu main"
"approval_chain_430","muti_hrms_data.1136",3,0,"approval_rule_v6_payment_hlrdc head office__gratuity expenses_bu main"
"approval_chain_432","muti_hrms_data.6208",2,0,"approval_rule_v6_payment_hlrdc head office__fund transfer_bu main"
"approval_chain_433","muti_hrms_data.1136",3,0,"approval_rule_v6_payment_hlrdc head office__fund transfer_bu main"
"approval_chain_435","muti_hrms_data.6208",2,0,"approval_rule_v6_payment_hlrdc head office__salaries and wages_bu main"
"approval_chain_436","muti_hrms_data.1136",3,0,"approval_rule_v6_payment_hlrdc head office__salaries and wages_bu main"
"approval_chain_438","muti_hrms_data.6208",2,0,"approval_rule_v6_payment_hlrdc head office__separation pay_bu main"
"approval_chain_439","muti_hrms_data.1136",3,0,"approval_rule_v6_payment_hlrdc head office__separation pay_bu main"
"approval_chain_441","muti_hrms_data.6208",2,0,"approval_rule_v6_payment_hlrdc head office__statutory expenses_bu main"
"approval_chain_442","muti_hrms_data.1136",3,0,"approval_rule_v6_payment_hlrdc head office__statutory expenses_bu main"
"approval_chain_444","muti_hrms_data.6208",2,0,"approval_rule_v6_payment_hlrdc head office__payables_bu main"
"approval_chain_445","muti_hrms_data.1136",3,0,"approval_rule_v6_payment_hlrdc head office__payables_bu main"
"approval_chain_447","muti_hrms_data.6208",2,0,"approval_rule_v6_payment_hlrdc head office__agent's commissions_bu main"
"approval_chain_448","muti_hrms_data.1136",3,0,"approval_rule_v6_payment_hlrdc head office__agent's commissions_bu main"
"approval_chain_450","muti_hrms_data.6208",2,0,"approval_rule_v6_payment_hlrdc head office__permit and licenses/processing fee_bu main"
"approval_chain_451","muti_hrms_data.1136",3,0,"approval_rule_v6_payment_hlrdc head office__permit and licenses/processing fee_bu main"
"approval_chain_452","muti_hrms_data.1043",4,0,"approval_rule_v6_payment_hlrdc head office__permit and licenses/processing fee_bu main"
"approval_chain_454","muti_hrms_data.6208",2,0,"approval_rule_v6_purchase_hlrdc head office__purchases (capex)_bu main"
"approval_chain_455","muti_hrms_data.1043",4,0,"approval_rule_v6_purchase_hlrdc head office__purchases (capex)_bu main"
"approval_chain_456","muti_hrms_data.6208",2,0,"approval_rule_v6_purchase_hlrdc head office__purchases(capex it equipment)_bu main"
"approval_chain_457","muti_hrms_data.6222",3,0,"approval_rule_v6_purchase_hlrdc head office__purchases(capex it equipment)_bu main"
"approval_chain_458","muti_hrms_data.1043",5,0,"approval_rule_v6_purchase_hlrdc head office__purchases(capex it equipment)_bu main"
"approval_chain_459","muti_hrms_data.6208",2,0,"approval_rule_v6_purchase_hlrdc head office__supplies_bu main"
"approval_chain_460","muti_hrms_data.6208",2,0,"approval_rule_v6_purchase_hlrdc head office__trade inventory_bu main"
"approval_chain_461","muti_hrms_data.1136",3,0,"approval_rule_v6_purchase_hlrdc head office__trade inventory_bu main"
"approval_chain_462","muti_hrms_data.1043",4,0,"approval_rule_v6_purchase_hlrdc head office__trade inventory_bu main"
"approval_chain_465","hr_job_immediate superior",2,0,"approval_rule_v6_others_hlrdc head office__business travel authority (bta)_bu main"
"approval_chain_466","hr_job_immediate superior",2,0,"approval_rule_v6_purchase_tig__purchases(capex it equipment)_bu main"
"approval_chain_467","hr_job_immediate superior",2,0,"approval_rule_v6_cash_tig__mortuary_bu main"
"approval_chain_468","muti_hrms_data.1136",4,0,"approval_rule_v6_cash_tig__mortuary_bu main"
"approval_chain_469","muti_hrms_data.1136",3,0,"approval_rule_v6_purchase_hlrdc head office__purchases (capex)_bu main"
"approval_chain_471","muti_hrms_data.1136",4,0,"approval_rule_v6_purchase_hlrdc head office__purchases(capex it equipment)_bu main"
"approval_chain_473","muti_hrms_data.1136",3,0,"approval_rule_v6_purchase_hlrdc head office__supplies_bu main"
"approval_chain_475","muti_hrms_data.6208",2,0,"approval_rule_v6_others_hlrdc head office__repairs & maintenance_bu main"
"approval_chain_476","muti_hrms_data.1136",3,0,"approval_rule_v6_others_hlrdc head office__repairs & maintenance_bu main"
"approval_chain_477","muti_hrms_data.1136",2,0,"approval_rule_v6_others_hlrdc head office__labor services_bu main"
"approval_chain_480","hr_job_immediate superior",2,0,"approval_rule_v6_cash_tig__professional fee_tig"
"approval_chain_481","muti_hrms_data.11033",3,0,"approval_rule_v6_cash_tig__professional fee_tig"
"approval_chain_483","muti_hrms_data.6208",3,0,"approval_rule_v6_cash_tig__mortuary_bu main"
"approval_chain_485","muti_hrms_data.11033",2,0,"approval_rule_v6_cash_asi__cash advance_tig"
"approval_chain_487","muti_hrms_data.11033",2,0,"approval_rule_v6_cash_asi__petty cash fund replenishment_mother account"
"approval_chain_489","muti_hrms_data.11033",2,0,"approval_rule_v6_cash_asi__fund transfer_mother account"
"approval_chain_491","muti_hrms_data.11033",2,0,"approval_rule_v6_payment_asi__payables_mother account"
"approval_chain_493","hr_job_immediate superior",2,0,"approval_rule_v6_cash_tig__fund transfer_tig"
"approval_chain_495","hr_job_immediate superior",2,0,"approval_rule_v6_purchase_tig__purchases ( not capex)_bu main"
"approval_chain_496","muti_hrms_data.11033",3,0,"approval_rule_v6_purchase_tig__purchases ( not capex)_bu main"
"approval_chain_497","muti_hrms_data.1136",5,0,"approval_rule_v6_purchase_tig__purchases ( not capex)_bu main"
"approval_chain_498","muti_hrms_data.6208",4,0,"approval_rule_v6_purchase_tig__purchases ( not capex)_bu main"
"approval_chain_499","muti_hrms_data.1136",4,0,"approval_rule_v6_payment_tig__payables_bu main"
"approval_chain_501","muti_hrms_data.1135",2,0,"approval_rule_v6_cash_branch__advances for operations_bu main"
"approval_chain_502","muti_hrms_data.11033",3,0,"approval_rule_v6_cash_branch__advances for operations_bu main"
"approval_chain_503","muti_hrms_data.6208",4,5000,"approval_rule_v6_cash_branch__advances for operations_bu main"
"approval_chain_504","muti_hrms_data.1136",5,10000,"approval_rule_v6_cash_branch__advances for operations_bu main"
"approval_chain_506","muti_hrms_data.1135",2,0,"approval_rule_v6_cash_branch__advances for operations_revolving fund"
"approval_chain_508","hr_job_immediate superior",2,0,"approval_rule_v6_cash_tig_mis_advances for operations_tig"
"approval_chain_509","hr_job_group manager",3,0,"approval_rule_v6_cash_tig_mis_advances for operations_tig"
"approval_chain_510","muti_hrms_data.11033",4,0,"approval_rule_v6_cash_tig_mis_advances for operations_tig"
"approval_chain_512","hr_job_immediate superior",2,0,"approval_rule_v6_cash_tig_mis_marketing expenses_tig"
"approval_chain_513","hr_job_group manager",3,0,"approval_rule_v6_cash_tig_mis_marketing expenses_tig"
"approval_chain_514","muti_hrms_data.11033",4,0,"approval_rule_v6_cash_tig_mis_marketing expenses_tig"
"approval_chain_516","hr_job_immediate superior",2,0,"approval_rule_v6_cash_tig_mis_petty cash fund replenishment_tig"
"approval_chain_517","muti_hrms_data.11033",3,0,"approval_rule_v6_cash_tig_mis_petty cash fund replenishment_tig"
"approval_chain_519","hr_job_immediate superior",2,0,"approval_rule_v6_cash_tig_mis_travel expenses (thru check)_tig"
"approval_chain_520","hr_job_group manager",3,0,"approval_rule_v6_cash_tig_mis_travel expenses (thru check)_tig"
"approval_chain_521","muti_hrms_data.11033",4,0,"approval_rule_v6_cash_tig_mis_travel expenses (thru check)_tig"
"approval_chain_523","hr_job_immediate superior",2,0,"approval_rule_v6_cash_tig_mis_travel expenses (thru petty cash fund)_petty cash fund"
"approval_chain_524","muti_hrms_data.11033",3,0,"approval_rule_v6_cash_tig_mis_travel expenses (thru petty cash fund)_petty cash fund"
"approval_chain_526","muti_hrms_data.11033",2,0,"approval_rule_v6_cash_tig_mis_management meals_tig"
"approval_chain_528","hr_job_immediate superior",2,0,"approval_rule_v6_cash_tig_mis_travel expenses_bu main"
"approval_chain_529","muti_hrms_data.11033",3,0,"approval_rule_v6_cash_tig_mis_travel expenses_bu main"
"approval_chain_530","muti_hrms_data.6208",4,0,"approval_rule_v6_cash_tig_mis_travel expenses_bu main"
"approval_chain_532","hr_job_immediate superior",2,0,"approval_rule_v6_cash_tig_mis_supplies_petty cash fund"
"approval_chain_533","muti_hrms_data.11033",3,0,"approval_rule_v6_cash_tig_mis_supplies_petty cash fund"
"approval_chain_535","hr_job_immediate superior",2,0,"approval_rule_v6_cash_tig_mis_freight and handling_bu main"
"approval_chain_536","muti_hrms_data.6208",3,0,"approval_rule_v6_cash_tig_mis_freight and handling_bu main"
"approval_chain_537","muti_hrms_data.1136",4,0,"approval_rule_v6_cash_tig_mis_freight and handling_bu main"
"approval_chain_539","hr_job_immediate superior",2,0,"approval_rule_v6_cash_tig_mis_freight and handling_petty cash fund"
"approval_chain_540","muti_hrms_data.11033",3,0,"approval_rule_v6_cash_tig_mis_freight and handling_petty cash fund"
"approval_chain_542","hr_job_immediate superior",2,0,"approval_rule_v6_cash_tig_mis_advances for operations_bu main"
"approval_chain_543","muti_hrms_data.11033",3,0,"approval_rule_v6_cash_tig_mis_advances for operations_bu main"
"approval_chain_544","muti_hrms_data.6208",4,5000,"approval_rule_v6_cash_tig_mis_advances for operations_bu main"
"approval_chain_545","muti_hrms_data.1136",5,10000,"approval_rule_v6_cash_tig_mis_advances for operations_bu main"
"approval_chain_547","hr_job_immediate superior",2,0,"approval_rule_v6_cash_tig_mis_advances to sister company_tig"
"approval_chain_548","muti_hrms_data.11033",3,0,"approval_rule_v6_cash_tig_mis_advances to sister company_tig"
"approval_chain_550","hr_job_immediate superior",2,0,"approval_rule_v6_cash_tig_mis_professional fee_tig"
"approval_chain_551","muti_hrms_data.11033",3,0,"approval_rule_v6_cash_tig_mis_professional fee_tig"
"approval_chain_553","hr_job_immediate superior",2,0,"approval_rule_v6_cash_tig_mis_mortuary_bu main"
"approval_chain_554","muti_hrms_data.6208",3,0,"approval_rule_v6_cash_tig_mis_mortuary_bu main"
"approval_chain_555","muti_hrms_data.1136",4,0,"approval_rule_v6_cash_tig_mis_mortuary_bu main"
"approval_chain_557","hr_job_immediate superior",2,0,"approval_rule_v6_cash_tig_mis_fund transfer_tig"
"approval_chain_559","hr_job_immediate superior",2,0,"approval_rule_v6_others_tig_mis_travel and transportation_tig"
"approval_chain_560","hr_job_immediate superior",3,0,"approval_rule_v6_others_tig_mis_travel and transportation_tig"
"approval_chain_562","hr_job_immediate superior",2,0,"approval_rule_v6_payment_tig_mis_payables_tig"
"approval_chain_563","muti_hrms_data.11033",3,0,"approval_rule_v6_payment_tig_mis_payables_tig"
"approval_chain_565","muti_hrms_data.6208",2,0,"approval_rule_v6_payment_tig_mis_salaries and wages_bu main"
"approval_chain_566","muti_hrms_data.1136",3,0,"approval_rule_v6_payment_tig_mis_salaries and wages_bu main"
"approval_chain_568","muti_hrms_data.11033",2,0,"approval_rule_v6_payment_tig_mis_rentals_tig"
"approval_chain_570","muti_hrms_data.11033",2,0,"approval_rule_v6_payment_tig_mis_dividend_tig"
"approval_chain_572","hr_job_immediate superior",2,0,"approval_rule_v6_payment_tig_mis_salaries and wages_tig"
"approval_chain_575","muti_hrms_data.11033",2,0,"approval_rule_v6_payment_tig_mis_payables_bu main"
"approval_chain_576","muti_hrms_data.6208",3,0,"approval_rule_v6_payment_tig_mis_payables_bu main"
"approval_chain_577","muti_hrms_data.1136",4,0,"approval_rule_v6_payment_tig_mis_payables_bu main"
"approval_chain_579","muti_hrms_data.11033",2,0,"approval_rule_v6_purchase_tig_mis_purchases(capex)_bu main"
"approval_chain_580","muti_hrms_data.6208",3,0,"approval_rule_v6_purchase_tig_mis_purchases(capex)_bu main"
"approval_chain_581","muti_hrms_data.1136",4,0,"approval_rule_v6_purchase_tig_mis_purchases(capex)_bu main"
"approval_chain_582","muti_hrms_data.1043",5,0,"approval_rule_v6_purchase_tig_mis_purchases(capex)_bu main"
"approval_chain_584","muti_hrms_data.6208",3,0,"approval_rule_v6_purchase_tig_mis_purchases(capex it equipment)_bu main"
"approval_chain_585","muti_hrms_data.1136",4,0,"approval_rule_v6_purchase_tig_mis_purchases(capex it equipment)_bu main"
"approval_chain_586","hr_job_immediate superior",2,0,"approval_rule_v6_purchase_tig_mis_purchases(capex it equipment)_bu main"
"approval_chain_588","muti_hrms_data.11033",3,0,"approval_rule_v6_purchase_tig_mis_purchases(office supplies)_bu main"
"approval_chain_589","muti_hrms_data.6208",4,0,"approval_rule_v6_purchase_tig_mis_purchases(office supplies)_bu main"
"approval_chain_590","muti_hrms_data.1136",5,0,"approval_rule_v6_purchase_tig_mis_purchases(office supplies)_bu main"
"approval_chain_591","hr_job_immediate superior",2,0,"approval_rule_v6_purchase_tig_mis_purchases(office supplies)_bu main"
"approval_chain_593","hr_job_immediate superior",2,0,"approval_rule_v6_purchase_tig_mis_trade inventory_bu main"
"approval_chain_594","muti_hrms_data.11033",3,0,"approval_rule_v6_purchase_tig_mis_trade inventory_bu main"
"approval_chain_595","muti_hrms_data.6208",4,0,"approval_rule_v6_purchase_tig_mis_trade inventory_bu main"
"approval_chain_596","muti_hrms_data.1136",5,0,"approval_rule_v6_purchase_tig_mis_trade inventory_bu main"
"approval_chain_597","muti_hrms_data.1043",6,0,"approval_rule_v6_purchase_tig_mis_trade inventory_bu main"
"approval_chain_599","hr_job_immediate superior",2,0,"approval_rule_v6_purchase_tig_mis_purchases (non-capex it equipment)_bu main"
"approval_chain_600","muti_hrms_data.11033",3,0,"approval_rule_v6_purchase_tig_mis_purchases (non-capex it equipment)_bu main"
"approval_chain_601","muti_hrms_data.6208",4,0,"approval_rule_v6_purchase_tig_mis_purchases (non-capex it equipment)_bu main"
"approval_chain_603","hr_job_immediate superior",2,0,"approval_rule_v6_purchase_tig_mis_purchases ( not capex)_bu main"
"approval_chain_604","muti_hrms_data.11033",3,0,"approval_rule_v6_purchase_tig_mis_purchases ( not capex)_bu main"
"approval_chain_605","muti_hrms_data.6208",4,0,"approval_rule_v6_purchase_tig_mis_purchases ( not capex)_bu main"
"approval_chain_606","muti_hrms_data.1136",5,0,"approval_rule_v6_purchase_tig_mis_purchases ( not capex)_bu main"
"approval_chain_608","hr_job_immediate superior",2,0,"approval_rule_v6_repairs_tig_mis_repairs (capex)_tig"
"approval_chain_609","hr_job_group manager",3,0,"approval_rule_v6_repairs_tig_mis_repairs (capex)_tig"
"approval_chain_610","muti_hrms_data.6258",4,0,"approval_rule_v6_repairs_tig_mis_repairs (capex)_tig"
"approval_chain_611","muti_hrms_data.1043",5,0,"approval_rule_v6_repairs_tig_mis_repairs (capex)_tig"
"approval_chain_613","hr_job_immediate superior",2,0,"approval_rule_v6_repairs_tig_mis_repairs & maintenance_tig"
"approval_chain_614","hr_job_group manager",3,0,"approval_rule_v6_repairs_tig_mis_repairs & maintenance_tig"
"approval_chain_617","muti_hrms_data.6099",2,0,"approval_rule_v6_payment_tig__separation pay_bu main"
"approval_chain_618","muti_hrms_data.6208",3,0,"approval_rule_v6_payment_tig__separation pay_bu main"
"approval_chain_619","muti_hrms_data.1136",4,0,"approval_rule_v6_payment_tig__separation pay_bu main"
"approval_chain_620","muti_hrms_data.6099",2,0,"approval_rule_v6_payment_tig__separation pay_tig"
"approval_chain_621","muti_hrms_data.11033",3,0,"approval_rule_v6_payment_tig__separation pay_tig"
"approval_chain_622","muti_hrms_data.1043",6,0,"approval_rule_v6_purchase_tig_mis_purchases (non-capex it equipment)_bu main"
"approval_chain_623","muti_hrms_data.1136",5,0,"approval_rule_v6_purchase_tig_mis_purchases (non-capex it equipment)_bu main"
"approval_chain_625","hr_job_immediate superior",2,0,"approval_rule_v6_purchase_tig__purchases (capex)_tig"
"approval_chain_626","muti_hrms_data.11033",3,0,"approval_rule_v6_purchase_tig__purchases (capex)_tig"
"approval_chain_628","hr_job_immediate superior",2,0,"approval_rule_v6_purchase_tig__purchases(office supplies)_tig"
"approval_chain_629","muti_hrms_data.11033",3,0,"approval_rule_v6_purchase_tig__purchases(office supplies)_tig"
"approval_chain_630","muti_hrms_data.1135",2,0,"approval_rule_v6_purchase_branch__purchase (not capex)_bu main"
"approval_chain_631","muti_hrms_data.1136",3,0,"approval_rule_v6_purchase_branch__purchase (not capex)_bu main"
"approval_chain_634","hr_job_immediate superior",2,0,"approval_rule_v6_cash_tig__employee's benefit_bu main"
"approval_chain_635","muti_hrms_data.6208",3,0,"approval_rule_v6_cash_tig__employee's benefit_bu main"
"approval_chain_636","muti_hrms_data.1136",4,0,"approval_rule_v6_cash_tig__employee's benefit_bu main"
"approval_chain_638","hr_job_immediate superior",2,0,"approval_rule_v6_payment_tig__payables_cbgfi"
"approval_chain_640","muti_hrms_data.1135",2,0,"approval_rule_v6_purchase_branch__purchases(non-capex it equipment)_bu main"
"approval_chain_641","hr_job_area manager",3,0,"approval_rule_v6_purchase_branch__purchases(non-capex it equipment)_bu main"
"approval_chain_642","muti_hrms_data.6208",4,0,"approval_rule_v6_purchase_branch__purchases(non-capex it equipment)_bu main"
"approval_chain_643","muti_hrms_data.6222",5,0,"approval_rule_v6_purchase_branch__purchases(non-capex it equipment)_bu main"
"approval_chain_644","muti_hrms_data.1136",6,0,"approval_rule_v6_purchase_branch__purchases(non-capex it equipment)_bu main"
"approval_chain_646","muti_hrms_data.1135",2,0,"approval_rule_v6_payment_branch__agent's commissions_bu main"
"approval_chain_647","muti_hrms_data.6208",3,0,"approval_rule_v6_payment_branch__agent's commissions_bu main"
"approval_chain_648","muti_hrms_data.1136",4,0,"approval_rule_v6_payment_branch__agent's commissions_bu main"
"approval_chain_650","hr_job_immediate superior",2,0,"approval_rule_v6_cash_tig__advances for operations_cbgfi"
"approval_chain_651","muti_hrms_data.1043",5,0,"approval_rule_v6_purchase_tig_mis_purchases(capex it equipment)_bu main"
"approval_chain_653","hr_job_immediate superior",2,0,"approval_rule_v6_purchase_head office__purchase ( not capex-it equipment)_bu main"
"approval_chain_654","muti_hrms_data.11033",3,0,"approval_rule_v6_purchase_head office__purchase ( not capex-it equipment)_bu main"
"approval_chain_655","muti_hrms_data.6208",4,0,"approval_rule_v6_purchase_head office__purchase ( not capex-it equipment)_bu main"
"approval_chain_656","muti_hrms_data.6222",5,0,"approval_rule_v6_purchase_head office__purchase ( not capex-it equipment)_bu main"
"approval_chain_657","hr_job_immediate superior",2,0,"approval_rule_v6_purchase_tig__trade inventory (sp)_bu main"
"approval_chain_658","muti_hrms_data.11033",3,0,"approval_rule_v6_purchase_tig__trade inventory (sp)_bu main"
"approval_chain_659","muti_hrms_data.6208",4,0,"approval_rule_v6_purchase_tig__trade inventory (sp)_bu main"
"approval_chain_662","muti_hrms_data.1136",2,0,"approval_rule_v6_others_tig_mis_inventory_bu main"
"approval_chain_664","hr_job_immediate superior",2,0,"approval_rule_v6_others_tig__marketing activity_bu main"
"approval_chain_665","muti_hrms_data.6208",3,0,"approval_rule_v6_others_tig__marketing activity_bu main"
"approval_chain_667","muti_hrms_data.6208",2,0,"approval_rule_v6_payment_tig__employees' incentives_bu main"
"approval_chain_668","muti_hrms_data.1136",3,0,"approval_rule_v6_payment_tig__employees' incentives_bu main"
"approval_chain_670","muti_hrms_data.6208",2,0,"approval_rule_v6_cash_branch__change fund_bu main"
"approval_chain_671","muti_hrms_data.1135",3,0,"approval_rule_v6_cash_branch__change fund_bu main"
"approval_chain_673","hr_job_immediate superior",2,0,"approval_rule_v6_purchase_insurance services__purchase ( capex-it equipment)_insurance services"
"approval_chain_674","muti_hrms_data.6222",3,0,"approval_rule_v6_purchase_insurance services__purchase ( capex-it equipment)_insurance services"
"approval_chain_675","muti_hrms_data.1043",4,0,"approval_rule_v6_purchase_insurance services__purchase ( capex-it equipment)_insurance services"
"approval_chain_677","hr_job_immediate superior",2,0,"approval_rule_v6_purchase_insurance services__purchase ( capex )_insurance services"
"approval_chain_678","muti_hrms_data.1043",3,0,"approval_rule_v6_purchase_insurance services__purchase ( capex )_insurance services"
"approval_chain_680","hr_job_immediate superior",2,0,"approval_rule_v6_cash_insurance services__advances for operation_insurance services"
"approval_chain_681","muti_hrms_data.1043",3,50000,"approval_rule_v6_cash_insurance services__advances for operation_insurance services"
"approval_chain_683","hr_job_immediate superior",2,0,"approval_rule_v6_payment_insurance services__fund transfer_insurance services"
"approval_chain_685","hr_job_immediate superior",2,0,"approval_rule_v6_purchase_insurance services__purchase ( supplies )_insurance services"
"approval_chain_687","hr_job_immediate superior",2,0,"approval_rule_v6_payment_insurance services__insurance claim_insurance services"
"approval_chain_689","hr_job_immediate superior",2,0,"approval_rule_v6_payment_insurance services__management fee_insurance services"
"approval_chain_690","muti_hrms_data.1043",3,0,"approval_rule_v6_payment_insurance services__management fee_insurance services"
"approval_chain_692","hr_job_immediate superior",2,0,"approval_rule_v6_payment_insurance services__salaries and wages_insurance services"
"approval_chain_693","muti_hrms_data.1043",3,0,"approval_rule_v6_payment_insurance services__salaries and wages_insurance services"
"approval_chain_695","hr_job_immediate superior",2,0,"approval_rule_v6_payment_insurance services__opex_insurance services"
"approval_chain_696","muti_hrms_data.1043",3,0,"approval_rule_v6_payment_insurance services__opex_insurance services"
"approval_chain_698","hr_job_immediate superior",2,0,"approval_rule_v6_payment_insurance services__refund_insurance services"
"approval_chain_699","muti_hrms_data.1043",3,50000,"approval_rule_v6_payment_insurance services__insurance claim_insurance services"
"approval_chain_701","muti_hrms_data.1135",2,0,"approval_rule_v6_purchase_branch__purchases ( trade inventory)_bu main"
"approval_chain_702","muti_hrms_data.6208",3,0,"approval_rule_v6_purchase_branch__purchases ( trade inventory)_bu main"
"approval_chain_703","muti_hrms_data.1043",3,50000,"approval_rule_v6_payment_insurance services__fund transfer_insurance services"
"approval_chain_704","hr_job_immediate superior",2,0,"approval_rule_v6_purchase_head office__trade inventory _bu main"
"approval_chain_705","muti_hrms_data.11033",3,0,"approval_rule_v6_purchase_head office__trade inventory _bu main"
"approval_chain_706","muti_hrms_data.6208",4,0,"approval_rule_v6_purchase_head office__trade inventory _bu main"
"approval_chain_707","muti_hrms_data.1136",5,0,"approval_rule_v6_purchase_head office__trade inventory _bu main"
"approval_chain_708","muti_hrms_data.6005",5,0,"approval_rule_v6_purchase_tig__trade inventory (sp)_bu main"
"approval_chain_710","hr_job_immediate superior",2,0,"approval_rule_v6_others_head office__give aways_bu main"
"approval_chain_711","muti_hrms_data.1136",3,0,"approval_rule_v6_others_head office__give aways_bu main"
"approval_chain_713","hr_job_immediate superior",2,0,"approval_rule_v6_repairs_tig__repairs and maintenance_bu main"
"approval_chain_714","muti_hrms_data.11033",3,0,"approval_rule_v6_repairs_tig__repairs and maintenance_bu main"
"approval_chain_715","muti_hrms_data.6208",4,0,"approval_rule_v6_repairs_tig__repairs and maintenance_bu main"
"approval_chain_717","muti_hrms_data.1136",2,0,"approval_rule_v6_others_head office__borrowing company property_bu main"
